{
    "seed_m": 123,
    "DW2": [
        1.0,
        1.0188740632420135,
        4.2438181505062245,
        9.158568322592185,
        16.00512850200537,
        9.169967978715786,
        16.13429332004538,
        9.872275540840613,
        17.023336688750774,
        26.171199595819722,
        37.299157888151186,
        50.42951100724613,
        65.55891470337548,
        50.437230108765476,
        37.33536561833402,
        50.47527478173721,
        65.61484810935137,
        82.75199908090461,
        93.29142078167594,
        83.30475895247648,
        66.82173521037666,
        83.91773298389917,
        81.30036988563837,
        89.2718745515814,
        78.45036392475201,
        62.416686236309026,
        46.65779757396329,
        61.08539025546365,
        77.51323918662514,
        86.89046598480871,
        67.8177958764911,
        85.11767641141493,
        67.55891404464006,
        51.91007669312793,
        38.64283128544178,
        51.84647197598515,
        38.83078308435257,
        27.92065776645225,
        39.23373115988964,
        27.982167678442128,
        39.29257979103365,
        52.5979010846543,
        39.26445529536648,
        52.570894967712924,
        67.86380348913698,
        85.16084873053788,
        67.86294181560982,
        85.15248562487834,
        83.32607472017719,
        65.26240338387251,
        50.12900639152149,
        65.01702878911452,
        81.90070856167951,
        64.81004547220282,
        81.66078448593206,
        78.83732306838716,
        62.26892769610219,
        78.86691433825932,
        62.23383413625455,
        78.8189367919759,
        88.74182318863419,
        70.15445727426071,
        54.591333758859165,
        70.14013516390794,
        54.37806653213626,
        40.459747637210526,
        29.31301318605953,
        40.85348008797506,
        29.320382896858796,
        40.728192112993554,
        29.277904718661272,
        40.78236734657651,
        29.316436697519492,
        19.764036481555916,
        29.37120286546512,
        40.9652836753153,
        54.551708414549424,
        70.13666657464161,
        54.566417126870455,
        40.98223488660633,
        29.382189143472107,
        40.95049159029499,
        54.50884454235068,
        70.07157093362368,
        87.63195371773642,
        82.67106693902912,
        62.455128915605286,
        50.66545295695423,
        39.76651666119666,
        53.09469939633173,
        68.42109077391271,
        85.74355676889999,
        80.16290780227598,
        62.966003331853884,
        47.996439369778805,
        62.58106361037009,
        79.1692542634302,
        83.97980472260429,
        79.30902280114526,
        81.79486476165008,
        64.76652308029097,
        81.55881614607044,
        64.63375112644837,
        81.41530908531716,
        75.30006478315597,
        84.54405519908917,
        66.82118745156279,
        84.01729907219831,
        66.88572730015346,
        84.09581432827217,
        87.48451259860227,
        69.76074000389139,
        87.31605905082094,
        85.01570574204467,
        86.52372012670372,
        69.48817038140469,
        86.95736392594402,
        78.42743261665215,
        59.84915392259028,
        75.84549559003192,
        57.36544513226652,
        46.591758095583465,
        30.873046071300823,
        42.23985932233635,
        31.565780277703027,
        43.05153954932409,
        56.5508291175988,
        72.04767269568859,
        56.3086809086944,
        42.73052849196692,
        56.21508713604763,
        42.72406888058435,
        31.27463518935869,
        22.713411992715113,
        15.272506252164982,
        23.32039354113707,
        15.27242516766774,
        22.89562365005216,
        15.142160950204612,
        9.172405725229908,
        15.328815516161857,
        9.863827238275665,
        16.623413654613017,
        9.836715563792302,
        16.56082629081348,
        10.012622719375763,
        4.945778362788126,
        9.822886705307958,
        4.8661964643155295,
        9.182959550171756,
        15.851124166257566,
        24.351151491764483,
        34.842272088223346,
        24.292588791790337,
        34.787525429193636,
        24.40196862157981,
        34.88843199865737,
        47.3692827584364,
        61.84805561785139,
        78.3258845841432,
        81.20496807855712,
        65.37853153589874,
        56.34424748749144,
        72.25335581111447,
        51.49034773233368,
        66.68696250823125,
        83.88269306006846,
        86.50763112739793,
        66.91551661436695,
        53.16171997701897,
        39.55585391085033,
        52.972880504093645,
        39.5395466497135,
        52.964636003210536,
        39.482142638185316,
        52.89130985164837,
        68.30103257538526,
        52.874280253467774,
        68.27927897035113,
        52.895197754911976,
        68.30244227928235,
        85.7069633640944,
        91.58200217104213,
        77.41820353957101,
        86.77948239312428,
        93.27043336440529,
        74.60070514480618,
        69.79426140098161,
        76.27782155450885,
        60.254265341308894,
        46.60266531823606,
        34.01278258544581,
        46.37668729584488,
        60.7401525648477,
        77.10361531868115,
        60.82491503425075,
        77.2013091300486,
        60.8249775478456,
        77.2012988375121,
        60.82740802158847,
        46.449257530564836
    ],
    "seed_C": 42,
    "p_ctrl": 0.5,
    "L": 10,
    "p_proj": 0.0,