{
    "seed_m": 123,
    "DW2": [
        1.0,
        2.3118673050804475,
        5.707051404105875,
        11.198082917165143,
        18.34623531182482,
        11.602563429508931,
        19.229979405757746,
        11.582358390330933,
        19.192138519605294,
        28.7430868587788,
        40.30175936575626,
        53.85690349564616,
        69.40950742121417,
        53.84399999711882,
        40.28657680086242,
        53.8206865443884,
        69.35472656364281,
        86.88950663098888,
        88.39339926947068,
        87.66925293131862,
        71.30257359874561,
        88.92877573258447,
        66.54813830521648,
        72.14108972870422,
        78.40308924975702,
        61.42049089528702,
        47.49360037996685,
        62.09703668279776,
        78.70050680746209,
        88.43200535809079,
        70.29167553453503,
        87.93870381608089,
        69.6755902334364,
        52.90079438682536,
        38.982176317371476,
        52.283160578282285,
        38.71827148563664,
        27.851933650004234,
        39.179240379678596,
        27.859203481571168,
        39.17794980656352,
        52.49451752480556,
        39.181448947505075,
        52.5130669571149,
        67.8374258192261,
        85.16153086140069,
        67.85391710207108,
        85.1810571752709,
        86.57119043872777,
        68.86107036488599,
        52.69152003645196,
        68.12035626555553,
        85.54924482195322,
        68.1423768068557,
        85.57467782228314,
        90.94522167764035,
        73.31904867424296,
        91.35070823716114,
        73.97792169410933,
        92.08758201582894,
        88.0048073405812,
        72.78002756639752,
        54.54714424404909,
        70.21234743642864,
        54.17815478640795,
        39.886673665621714,
        27.638467483781994,
        39.04370260305632,
        27.62817104245489,
        39.032308904690304,
        27.76568012097102,
        39.19911154977659,
        27.85698665976801,
        18.28369139071328,
        27.706936040498153,
        39.130136530474864,
        52.55330812815249,
        67.9764773819137,
        52.526855407422005,
        39.10023968720058,
        27.754991741730734,
        39.187510772750876,
        52.62000353745759,
        68.05247705859385,
        85.48494393751119,
        93.52843320453614,
        74.21169280589447,
        60.6052079810359,
        45.60668446880087,
        60.03615428687534,
        76.46495476436995,
        94.89375138056006,
        84.6022687271375,
        67.3055665736155,
        51.46109473705898,
        66.78343119588727,
        84.10577916567486,
        99.82799210261597,
        78.45436637370439,
        69.01187689839756,
        53.866660432600455,
        69.03406191024487,
        53.92990401034755,
        69.1005730296916,
        70.30713978506647,
        82.67841242437598,
        66.4127948341009,
        83.30837559704972,
        66.50245070333574,
        83.36838063691332,
        70.7366400231928,
        55.37974076909565,
        70.70034088073976,
        69.80931003054228,
        79.8343256268491,
        62.621054578444735,
        78.96969382891054,
        68.46973795617454,
        49.62426522815946,
        64.20422270173569,
        49.04575024583712,
        37.68605420193303,
        25.948102898334145,
        36.51169703801441,
        26.04681595699479,
        36.49655926685409,
        48.99891126446152,
        63.487218936850226,
        49.036017476365956,
        36.558972291493305,
        48.99233389758161,
        36.53147004894167,
        26.05824485458581,
        17.470888001101216,
        11.028040973866897,
        17.73804210193867,
        11.713034417677527,
        18.78676669395704,
        11.81911192779774,
        6.562041257726647,
        12.27471606419859,
        6.83654368674918,
        11.993972452986748,
        6.4111756479513256,
        11.859616949139893,
        6.51344619331418,
        2.9842114210331867,
        6.463665034173462,
        2.833976689337267,
        6.900680237293143,
        12.63711430260406,
        20.313733023802317,
        29.98594788678478,
        20.464839993601228,
        30.218890405700343,
        20.48980171645941,
        30.268804723190424,
        42.041040152344905,
        55.81114280394021,
        71.58038145333563,
        81.01409848258616,
        62.98170238376464,
        47.31976522900432,
        62.004471421764094,
        47.39751262804919,
        62.09504044021835,
        78.7922236865938,
        96.35456229720843,
        77.82319728060683,
        61.20913264713936,
        46.611568077510505,
        61.20155241183607,
        46.64770245611071,
        61.242797419391295,
        46.65244072053856,
        61.248172533016344,
        77.84380616877526,
        61.24469054930973,
        77.84002660072795,
        61.250559752456596,
        77.84641571770294,
        96.44202529582527,
        72.97317945012759,
        82.911769390375,
        90.70895741967865,
        95.53762768745194,
        92.60742778951457,
        56.5436842371262,
        63.22353494077119,
        48.549443732754455,
        35.91913627712314,
        25.28112976570447,
        35.86928282084139,
        48.45001176722088,
        63.02957340597816,
        48.21919134431754,
        62.75850542218889,
        48.33197730087467,
        62.89422044395914,
        48.250218635863135,
        35.887194314998
    ],
    "seed_C": 42,
    "p_ctrl": 0.5,
    "L": 10,
    "p_proj": 0.0,